{
    "constant": {},
    "variable": [
        {
            "sample name": {
                "value": "test"
            },
            "chemical formula": {
                "value": "BaTiO3"
            },
            "typial particle size": {
                "value": 500.0,
                "unit": "nm"
            },
            "measurement start date and time": {
                "value": "2022-09-14T10:15:00"
            },
            "lattice parameters": {
                "value": "0.35 0.35 0.35 90 90 90",
                "unit": "nm"
            },
            "2theta": {
                "value": 45.700001,
                "unit": "deg"
            },
            "phi scan range": {
                "value": 1.0,
                "unit": "deg"
            },
            "phi step size": {
                "value": 0.005,
                "unit": "deg"
            },
            "sign": {
                "value": -1.0
            },
            "camera distance": {
                "value": 1000.0,
                "unit": "mm"
            },
            "detector name": {
                "value": "Eiger500k"
            },
            "pixel origin coordinates": {
                "value": "Bottom left when viewed from the upstream direction"
            },
            "vertical pixel size": {
                "value": 75,
                "unit": "μm"
            },
            "horizontal pixel size": {
                "value": 75,
                "unit": "μm"
            },
            "number of vertical pixels": {
                "value": 514,
                "unit": "pixel"
            },
            "number of horizontal pixels": {
                "value": 1030,
                "unit": "pixel"
            },
            "vertical position of central pixel": {
                "value": 257,
                "unit": "pixel"
            },
            "horizontal position of central pixel": {
                "value": 515,
                "unit": "pixel"
            },
            "vertical crop start pixel": {
                "value": 72,
                "unit": "pixel"
            },
            "horizontal crop start pixel": {
                "value": "",
                "unit": "pixel"
            },
            "vertical crop end pixel": {
                "value": 199,
                "unit": "pixel"
            },
            "horizontal crop end pixel": {
                "value": 437,
                "unit": "pixel"
            },
            "voxel number": {
                "value": "144 144 201",
                "unit": "voxel"
            },
            "spatial extents of reciprocal 3D data A B C": {
                "value": "1.81E-04 1.81E-04 8.66E-04",
                "unit": "1/nm"
            },
            "angular extents of reciprocal 3D data theta1 2 3": {
                "value": "89.7 75.1 90",
                "unit": "deg"
            },
            "energy": {
                "value": 8.00247,
                "unit": "keV"
            },
            "wavelength": {
                "value": 0.154927166,
                "unit": "nm"
            },
            "virtual light source": {
                "value": "FE V0.8 H0.1 @30m"
            },
            "focusing device": {
                "value": "lens in"
            },
            "vertical beam size": {
                "value": 5.0,
                "unit": "μm"
            },
            "horizontal beam size": {
                "value": 4.0,
                "unit": "μm"
            },
            "exposure time per step": {
                "value": 10.0,
                "unit": "sec"
            },
            "sample environment atmosphere": {
                "value": "hydrogen"
            },
            "pressure": {
                "value": 10.0,
                "unit": "Pa"
            },
            "temperature": {
                "value": 300.0,
                "unit": "K"
            },
            "electric field": {
                "value": 0.0,
                "unit": "V/m"
            },
            "coating material": {
                "value": "Au"
            },
            "support material": {
                "value": "Si"
            }
        }
    ]
}